searchterm,exclude
Drone MQ-1 Predator, Drone
Drone MQ-1C Gray Eagle, Drone
Drone RQ-4 Global Hawk, Drone
Drone RQ-7 Shadow, Drone
Drone MQ-8B Fire Scout/MQ-8C Fire Scout, Drone
Drone MQ-9 Reaper, Drone
Drone CQ-10 Snowgoose, Drone
Drone RQ-11 Raven, Drone
Drone RQ-12 Wasp, Drone
Drone MQ-19 Aerosonde, Drone
Drone RQ-20 Puma, Drone
Drone RQ-21 Blackjack, Drone
Drone RQ-170 Sentinel, Drone
Drone Black Hornet Nano, Drone
Drone Snipe, Drone
Drone Switchblade, Drone
Drone Maveric, Drone
Drone Stalker, Drone
Drone ScanEagle, Drone